ID	TITLE
00001	POLS 100                                                                        
00002	POLS 110                                                                        
00003	POLS 111                                                                        
00004	POLS 120                                                                        
00005	POLS 190                                                                        
00006	POLS 190                                                                        
00007	POLS 190                                                                        
00008	POLS 190                                                                        
00009	POLS 201                                                                        
00010	POLS 202                                                                        
00011	POLS 208                                                                        
00012	POLS 285                                                                        
00013	POLS 312                                                                        
00014	POLS 343                                                                        
00015	POLS 350                                                                        
00016	POLS 353                                                                        
00017	POLS 358                                                                        
00018	POLS 362                                                                        
00019	POLS 367                                                                        
00020	POLS 369                                                                        
00021	POLS 370B                                                                       
00022	POLS 370L                                                                       
00023	POLS 371                                                                        
00024	POLS 374W                                                                       
00025	POLS 385                                                                        
00026	POLS 385                                                                        
00027	POLS 385                                                                        
00028	POLS 387R                                                                       
00029	POLS 394                                                                        
00030	POLS 394                                                                        
00031	POLS 394                                                                        
00032	POLS 396R                                                                       
00033	POLS 399R                                                                       
00034	POLS 486                                                                        
00035	POLS 487                                                                        
00036	POLS 490R                                                                       
00037	POLS 494                                                                        
00038	POLS 494W                                                                       
00039	POLS 494W                                                                       
00040	POLS 494W                                                                       
00041	POLS 496RW                                                                      
00042	POLS 497R                                                                       
00043	POLS 499                                                                        
00044	POLS 509                                                                        
00045	POLS 510                                                                        
00046	POLS 513                                                                        
00047	POLS 515                                                                        
00048	POLS 540                                                                        
00049	POLS 585                                                                        
00050	POLS 585                                                                        
00051	POLS 585                                                                        
00052	POLS 597R                                                                       
00053	POLS 599R                                                                       
00054	POLS 790                                                                        
00055	POLS 799R                                                                       
